﻿<parameters>
  <parameter name="DatabaseServer" description="Name of the server that hosts the application database. Must match the server specified in the connection string." defaultValue="" tags="SQL" />
  <parameter name="DatabaseName" description="Name of the application database. Must match the database specified in the connection string." defaultValue="AWMSDB" tags="SQL" />
  <parameter name="DatabaseUserName" description="User name that the application will use to connect to the application database." defaultValue="" tags="SQL" />
  <parameter name="DatabaseUserPassword" description="Password for the database user name." defaultValue="" tags="SQL,Password,New" />
  <parameter name="Update web.config connection string" defaultValue="Data Source={DatabaseServer};Database={DatabaseName};uid={DatabaseUserName};Pwd={DatabaseUserPassword};" tags="Hidden">
    <parameterEntry kind="XmlFile" scope="web.config" match="//connectionStrings/add[@name='_IntrinsicData']/@connectionString" />
  </parameter>
  <parameter name="InventoryManagerApp_IisWebApplication" description="IIS Web Application content location" defaultValue="Default Web Site/awms" tags="IisApp">
    <parameterEntry kind="ProviderPath" scope="IisApp" match="^C:\\Users\\Chalermpol\ Chueayen\\Documents\\Visual\ Studio\ 2013\\Projects\\AOneLertInventoryApp\\InventoryManagerApp\\bin\\Debug\\app\.publish\\$" />
  </parameter>
</parameters>